-- MySQL dump 10.13  Distrib 5.5.42, for Linux (x86_64)
--
-- Host: localhost    Database: bebes
-- ------------------------------------------------------
-- Server version	5.5.42

/*!40101 SET @OLD_CHARACTER_SET_CLIENT=@@CHARACTER_SET_CLIENT */;
/*!40101 SET @OLD_CHARACTER_SET_RESULTS=@@CHARACTER_SET_RESULTS */;
/*!40101 SET @OLD_COLLATION_CONNECTION=@@COLLATION_CONNECTION */;
/*!40101 SET NAMES utf8 */;
/*!40103 SET @OLD_TIME_ZONE=@@TIME_ZONE */;
/*!40103 SET TIME_ZONE='+00:00' */;
/*!40014 SET @OLD_UNIQUE_CHECKS=@@UNIQUE_CHECKS, UNIQUE_CHECKS=0 */;
/*!40014 SET @OLD_FOREIGN_KEY_CHECKS=@@FOREIGN_KEY_CHECKS, FOREIGN_KEY_CHECKS=0 */;
/*!40101 SET @OLD_SQL_MODE=@@SQL_MODE, SQL_MODE='NO_AUTO_VALUE_ON_ZERO' */;
/*!40111 SET @OLD_SQL_NOTES=@@SQL_NOTES, SQL_NOTES=0 */;

--
-- Table structure for table `meaning`
--

DROP TABLE IF EXISTS `meaning`;
/*!40101 SET @saved_cs_client     = @@character_set_client */;
/*!40101 SET character_set_client = utf8 */;
CREATE TABLE `meaning` (
  `meaning_id` int(11) NOT NULL AUTO_INCREMENT,
  `meaning` text NOT NULL,
  PRIMARY KEY (`meaning_id`)
) ENGINE=InnoDB AUTO_INCREMENT=570 DEFAULT CHARSET=utf8;
/*!40101 SET character_set_client = @saved_cs_client */;

--
-- Dumping data for table `meaning`
--

LOCK TABLES `meaning` WRITE;
/*!40000 ALTER TABLE `meaning` DISABLE KEYS */;
INSERT INTO `meaning` VALUES (1,'Elevado'),(2,'Aliento'),(3,'Noble'),(4,'Padre superior'),(5,'Apertura'),(6,'Belleza'),(7,'Que brilla noblemente'),(8,'De noble cuna'),(9,'De noble cuna'),(10,'Noble'),(11,'Protector noble'),(12,'Lobo, noble'),(13,'Negro'),(14,'Desconocido'),(15,'De la tribu de los alanos'),(16,'Blanco, puro, luminoso'),(17,'Que brilla con nobleza'),(18,'Natural de Algeciras'),(19,'Experto'),(20,'Protector de los hombres'),(21,'Protectora de los hombres'),(22,'Arroja el mal'),(23,'Estratega'),(24,'Consejero'),(25,'noble, verdad'),(26,'Amiga noble'),(27,'La ciudad'),(28,'Estratega'),(29,'Que ama a Dios'),(30,'Laboriosa'),(31,'Amante'),(32,'Merecedora de amor'),(33,'Flor eterna'),(34,'Principio del fin'),(35,'Carga'),(36,'Inmortal, divino'),(37,'Afanosa, enÃ©rgica'),(38,'La princesa'),(39,'Protectora'),(40,'Graciosa'),(41,'Que invoca auxilio'),(42,'ResurrecciÃ³n'),(43,'Del griego andros'),(44,'Invicto'),(45,'Angosto, difÃ­cil'),(46,'Guerrero del SeÃ±or'),(47,'Digno de alabanza'),(48,'Digno de alabanza'),(49,'Flor llena de gracia'),(50,'Dios del sol'),(51,'Consuelo en el dolor'),(52,'Como el Ã¡guila'),(53,'Altar del cielo'),(54,'De dulce canto'),(55,'LeÃ³n de Dios'),(56,'LeÃ³n de Dios'),(57,'Conductor de huestes'),(58,'Fuerte como un Ã¡guila'),(59,'Alto, noble'),(60,'Inmortal'),(61,'Imperial'),(62,'Dorado'),(63,'Dorado'),(64,'Amanecer'),(65,'Que ayuda en situaciones difÃ­ciles'),(66,'Recompensa del cielo'),(67,'Lirio'),(68,'Audaz, insigne'),(69,'DueÃ±o del tesoro'),(70,'Majestuosamente'),(71,'Bautizador'),(72,'Que hace feliz'),(73,'Graciosa'),(74,'Bueno'),(75,'Bendito'),(76,'Ella da la victoria'),(77,'Oso fuerte'),(78,'Osa fuerte'),(79,'Audaz como un oso'),(80,'Glorioso, aprendiendo'),(81,'Blanca'),(82,'Vital'),(83,'Pura, brillante'),(84,'Tartamudo'),(85,'Cuervo'),(86,'Bienhechor'),(87,'Pelea'),(88,'Doncella oscura de la batalla'),(89,'Oscuro'),(90,'De gran belleza'),(91,'Taza'),(92,'La que espera el sacrificio'),(93,'Amor'),(94,'Puro, inocente'),(95,'Fuerte, viril'),(96,'Fuerte'),(97,'ViÃ±a'),(98,'Verso, cantar'),(99,'Fuerte'),(100,'Realtiva a lo viril'),(101,'Cantarina'),(102,'Mira por la paz'),(103,'Pura'),(104,'Natural de Gaeta'),(105,'Justa'),(106,'Celestial'),(107,'Abreviatura de Celestina'),(108,'Abreviatura de Celestina'),(109,'Flor de oro'),(110,'Hombre de Cristo'),(111,'La que sigue a Cristo'),(112,'Excelso'),(113,'Del lugar de Kinthos'),(114,'Delgado, transparente'),(115,'SeÃ±orial'),(116,'El sol'),(117,'Brillante, ilustrada'),(118,'Cojo'),(119,'Coja'),(120,'Misericordioso, suave'),(121,'Gloria de su tierra'),(122,'Famosa en la batalla'),(123,'Consejos valientes'),(124,'Firme, fidedigno'),(125,'Firme'),(126,'Advertencia'),(127,'Advertencia'),(128,'Doncella'),(129,'Joya del mar'),(130,'Coronado'),(131,'Adornado'),(132,'Cruz'),(133,'Cruz'),(134,'El que lleva la espada'),(135,'Justicia'),(136,'Dios es juez'),(137,'Amado'),(138,'Casta'),(139,'De nobleza insigne'),(140,'Sagrado para la tierra'),(141,'Diosa de la luna'),(142,'Suplantador'),(143,'Vengada'),(144,'Que pertenece a Dionisios'),(145,'Pesares'),(146,'Pesares'),(147,'Hijo del SeÃ±or'),(148,'Hijo del SeÃ±or'),(149,'Regalo de Dios'),(150,'Regalo de Dios'),(151,'Dulce'),(152,'Justo, protector'),(153,'Rico don'),(154,'Paz bendita'),(155,'GuardiÃ¡n de las mercancÃ­as'),(156,'Luz'),(157,'Luz'),(158,'Dios del juramento'),(159,'Jutamento de Dios'),(160,'Combatiente gloriosa'),(161,'Elegido'),(162,'Regocijo'),(163,'Noble, bravÃ­a'),(164,'Graciosa'),(165,'Amable'),(166,'Que tiene gracia'),(167,'Dios con nosotros'),(168,'Favorecida por Dios'),(169,'Poderoso de su linaje'),(170,'Que merece amor'),(171,'Heroico'),(172,'Heroico'),(173,'Heroico'),(174,'Serio, celoso'),(175,'La muy admirada'),(176,'Deseo'),(177,'Merecidamente coronado'),(178,'Estrella'),(179,'Estrella buena fortuna'),(180,'Noble'),(181,'De buena reputaciÃ³n'),(182,'De la que bien se piensa'),(183,'Del que bien se piensa'),(184,'De buena palabra'),(185,'De buena palabra'),(186,'Regocijante'),(187,'regocijante'),(188,'Bien nacido'),(189,'Bien nacida'),(190,'Bien hablado'),(191,'bien hablada'),(192,'Piadoso'),(193,'Sano, firme'),(194,'Vida'),(195,'Que trae buenas nuevas'),(196,'Ã“ptimo'),(197,'El SeÃ±or es mi fuerza'),(198,'Cultivadora de habas'),(199,'Libre'),(200,'Afortunado'),(201,'Afortunado'),(202,'Que gobierna en paz'),(203,'Don de Dios'),(204,'Amante de los caballos'),(205,'Valiente pero pacÃ­fico'),(206,'Fiel'),(207,'Inteligente'),(208,'Amante del canto'),(209,'De cabellos rubios'),(210,'Flor, Diosa de las flores'),(211,'Florido'),(212,'Florida'),(213,'Colorida'),(214,'Colorida'),(215,'Libre'),(216,'Libre'),(217,'PacÃ­fica'),(218,'Dorado'),(219,'Fuerza de Dios'),(220,'Piedra preciosa'),(221,'Tesorero'),(222,'Espuma de mar'),(223,'HÃ¡bil en armas'),(224,'Veraz'),(225,'Sirviente brillante'),(226,'Que gobierna un gran territorio'),(227,'Fama'),(228,'Paz de Dios'),(229,'Gracia'),(230,'Agraciada'),(231,'Vigilante'),(232,'De ojos grises'),(233,'Mujer de Dios'),(234,'El que trabaja la tierra'),(235,'GuÃ­a, conductor'),(236,'Casco de oro'),(237,'BÃ¡culo del godo'),(238,'General'),(239,'Acariciada'),(240,'Juventud'),(241,'Antorcha'),(242,'De Dios'),(243,'De antigua tribu germÃ¡nica'),(244,'Poderosa en la batalla'),(245,'Prenda'),(246,'Honorable'),(247,'De mirada penetrante'),(248,'Altivo, inteligente'),(249,'Inteligencia luminosa'),(250,'Muy brillante'),(251,'Flor'),(252,'Suplantador'),(253,'Que se agarra el talÃ³n'),(254,'Dios quiere lucir'),(255,'Casa nueva'),(256,'Suplantador'),(257,'Blanca como la espuma del mar'),(258,'Forma escocesa de Juana'),(259,'Perseguido'),(260,'Agricultor'),(261,'Dios proveerÃ¡'),(262,'Dios darÃ¡'),(263,'Don gracioso de Dios'),(264,'Don gracioso de Dios'),(265,'Don de Dios'),(266,'De cabello suave'),(267,'De cabello suave'),(268,'De cabello suave'),(269,'De mucho pelo, barbudo'),(270,'Recto'),(271,'Recto'),(272,'Pura, inmaculada'),(273,'Pura, inmaculada'),(274,'Pura, inmaculada'),(275,'Bonito nacimiento'),(276,'Guerrero victorioso'),(277,'Combate'),(278,'Oscuro'),(279,'Oscuro'),(280,'Piedra'),(281,'Bien asentado'),(282,'JardÃ­n de Dios'),(283,'Hombre fuerte'),(284,'Valiente'),(285,'Oscuro'),(286,'El generoso'),(287,'Antorcha'),(288,'Graciosa'),(289,'Variante de Kerrie'),(290,'Hombre que lucha'),(291,'Hermosa'),(292,'Oveja bravÃ­a'),(293,'Laurel'),(294,'CÃ©lebre'),(295,'Fuerte como un leÃ³n'),(296,'Luz'),(297,'Luz'),(298,'Luz'),(299,'PrÃ­ncipe del pueblo, fuerte y amado'),(300,'Felicidad'),(301,'amada del pueblo'),(302,'Lirio'),(303,'Diminutivo de Carola'),(304,'Graciosa'),(305,'Corona de laurel'),(306,'Luminoso'),(307,'Luminoso'),(308,'Luminoso'),(309,'Afortunada'),(310,'Defensor del pueblo'),(311,'Alegre'),(312,'Alusivo al barrio del mismo nombre'),(313,'Torre, vigilante'),(314,'EncarnaciÃ³n'),(315,'Criada'),(316,'Dios con nosotros'),(317,'Guerrero'),(318,'Amargo'),(319,'Perla'),(320,'SeÃ±ora en la gracia de Dios'),(321,'Afligida'),(322,'Don del SeÃ±or'),(323,'Poderosa en la batalla'),(324,'Moro, de color oscuro'),(325,'Moro'),(326,'De los mÃ¡s grandes'),(327,'Â¿QuiÃ©n es como Dios?'),(328,'PequeÃ±a'),(329,'RebeliÃ³n'),(330,'Mirto, sÃ­mbolo de belleza'),(331,'Hermoso'),(332,'ReciÃ©n nacida'),(333,'Ave reciÃ©n salida del nido'),(334,'Modelo'),(335,'AdvocaciÃ³n catalana a la Virgen MarÃ­a'),(336,'Raro, precioso'),(337,'Raro, precioso'),(338,'Libertad'),(339,'Libertad'),(340,'Ciudad de Nazaret'),(341,'Ciudad de Nazaret'),(342,'La que fluye'),(343,'Esperanza'),(344,'Octavo'),(345,'Serpiente'),(346,'Sagrada'),(347,'Celestial'),(348,'El que porta la rama de olivo'),(349,'El olivo'),(350,'De vida larga, compaÃ±ero del Profeta'),(351,'Fama del paÃ­s'),(352,'Regidor divino'),(353,'Oveja'),(354,'Ser poderoso'),(355,'Ser poderoso'),(356,'Oro'),(357,'Preparado para la lucha'),(358,'Aquella que habla bien'),(359,'EspÃ­ritu'),(360,'Quinto'),(361,'Variante de Ciriaco'),(362,'AquÃ©l que liderÃ³ un pueblo'),(363,'Divinidad'),(364,'Dios curÃ³'),(365,'Consejero'),(366,'Consejero'),(367,'Protectora sensata'),(368,'Oveja del seÃ±or'),(369,'Lazo'),(370,'Reina'),(371,'Poderoso por el consejo'),(372,'Reina'),(373,'Alivio'),(374,'Alivio'),(375,'Vuelto a nacer'),(376,'Muy rico'),(377,'Margarita'),(378,'De brillante fama'),(379,'Lobo de fama'),(380,'rico en fama'),(381,'Luchador famoso'),(382,'Buen hombre de Roma'),(383,'Guerrera famosa'),(384,'Gobernante glorioso'),(385,'Elevado'),(386,'La rosa'),(387,'Como una rosa'),(388,'Rosas de la Virgen'),(389,'Rosas de la Virgen'),(390,'Que defiende la gloria'),(391,'La brillante'),(392,'Rojo'),(393,'Roberto'),(394,'Amistad'),(395,'Mujer sabina'),(396,'ReceptÃ¡culo sagrado'),(397,'El nombre de JesÃºs'),(398,'Que escucha'),(399,'El nombre de Dios'),(400,'Santo'),(401,'Auxiliar de los hombres'),(402,'Dios protege'),(403,'Princesa'),(404,'Princesa'),(405,'Que protege con la victoria'),(406,'Tranquila'),(407,'HazaÃ±oso'),(408,'Celestial'),(409,'Del bosque'),(410,'RÃºstico'),(411,'Del bosque'),(412,'De Siria'),(413,'Sexto'),(414,'Dispuesta a ayudar'),(415,'Dispuesta a ayudar'),(416,'Astro rey'),(417,'Astro rey'),(418,'Solemne'),(419,'Sin compaÃ±Ã­a'),(420,'Excelente'),(421,'Sabia pensadora'),(422,'Lirio'),(423,'Esperar, aguardar'),(424,'El que alaba'),(425,'Palmera'),(426,'Procede de Tacio, Rey de los sabinos'),(427,'Defensora'),(428,'Favorita'),(429,'PrÃ­ncipe del pueblo'),(430,'Don de Dios'),(431,'Regla del pueblo'),(432,'Dado divinamente'),(433,'De la isla de Tera'),(434,'Rama de vid'),(435,'Seguro'),(436,'Que honra a Dios'),(437,'Tres en uno'),(438,'Tres en uno'),(439,'Barrio de Triana, Sevilla'),(440,'Bella por muchos aÃ±os'),(441,'ColÃ©rico, iracundo'),(442,'De la ciudad'),(443,'Diosa del hogar'),(444,'Luz de Dios'),(445,'Abedul'),(446,'Desconocido'),(447,'Paloma'),(448,'Del cielo'),(449,'Pastor, vaquero'),(450,'Fuerte, valerosa'),(451,'Sana'),(452,'Sana'),(453,'Fuerte'),(454,'Procede del poema Cadenus and Vanessa'),(455,'Afortunado'),(456,'Afortunado'),(457,'Verdadera'),(458,'El que vence'),(459,'Vencedora'),(460,'Vencedor'),(461,'VacÃ­a'),(462,'Protectora'),(463,'Modestia'),(464,'Que florece'),(465,'Virgen'),(466,'Vivaz, animada'),(467,'Gloria del prÃ­ncipe'),(468,'Caudillo del ejÃ©rcito'),(469,'El mÃ¡s glorioso'),(470,'Amigo voluntarioso'),(471,'Rey'),(472,'Rey'),(473,'De la novela de Peter Pan'),(474,'Nacer'),(475,'Protector decidido'),(476,'EspÃ­ritu audaz'),(477,'Casa nueva'),(478,'Casa nueva'),(479,'Variante de Jimena'),(480,'HuÃ©sped, extranjero'),(481,'Variante de Jorge'),(482,'Protector de la familia'),(483,'Aquella que vive recluÃ­da'),(484,'Aquella que vive recluÃ­da'),(485,'Amarillo'),(486,'Igual a Jacobo'),(487,'Grande'),(488,'Grande'),(489,'La mÃ¡s justa'),(490,'La arquera'),(491,'Equivalente a JosÃ©'),(492,'Equivalente a Jorge'),(493,'Equivalente a Jorge'),(494,'De la mitologÃ­a clÃ¡sica'),(495,'De la mitologÃ­a clÃ¡sica'),(496,'Rico'),(497,'Desconocido'),(498,'Orgullo de su padre'),(499,'Vida'),(500,'Vida'),(501,'Muchacha alegre'),(502,'Mujer cautivadora'),(503,'Amante de la paz'),(504,'Dios supremo'),(505,'Derivado de Zeus'),(506,'Crecer'),(507,'Flor'),(508,'Brillante por su riqueza'),(509,'Lancero famoso'),(510,'Rosal'),(511,'Rojo'),(512,'Salvado'),(513,'Severo'),(514,'De Tarso'),(515,'Don de Dios'),(516,'Dada por Dios'),(517,'Tumultuoso'),(518,'EspÃ­ritu audaz'),(519,'Fuerte'),(520,'Cazador'),(521,'Victorioso'),(522,'Victorioso'),(523,'Vital'),(524,'De gran poder'),(525,'Resuelto, encargado de la abadÃ­a'),(526,'RehÃ©n noble'),(527,'Refugio de dios'),(528,'Noble'),(529,'lobo noble, hÃ©roe noble'),(530,'Puro'),(531,'Ãguila'),(532,'Noble y brillante'),(533,'Noble'),(534,'Estado noble, impaciente'),(535,'Amargo, eterno, inmortal'),(536,'Amargo, eterno, inmortal'),(537,'Tolerancia'),(538,'Ãguila de gran alcance'),(539,'Un pÃ¡jaro'),(540,'Brillante, glorioso'),(541,'En negrilla como oso'),(542,'En negrilla como oso'),(543,'Desconocido'),(544,'Fuerte, melodÃ­a, canciÃ³n'),(545,'DÃ­a feliz, brillante'),(546,'Regla'),(547,'La regla de la gente'),(548,'Combatiente, valeroso'),(549,'Verraco, salvaje y fuerte'),(550,'Amigo prÃ³spero'),(551,'Amigo prÃ³spero'),(552,'Emular'),(553,'Impaciente'),(554,'Universal, completa'),(555,'Siempre de gran alcance'),(556,'Serio, vigoroso'),(557,'Seria vigorosa'),(558,'Salvador'),(559,'Alabado'),(560,'Escogido'),(561,'Brillante, inteligente'),(562,'MusulmÃ¡n'),(563,'Administrador'),(564,'Ganador'),(565,'Modesto'),(566,'Favorecido por Dios'),(567,'Favorecido por Dios'),(568,'La satisfacciÃ³n'),(569,'La satisfacciÃ³n');
/*!40000 ALTER TABLE `meaning` ENABLE KEYS */;
UNLOCK TABLES;

--
-- Table structure for table `mention`
--

DROP TABLE IF EXISTS `mention`;
/*!40101 SET @saved_cs_client     = @@character_set_client */;
/*!40101 SET character_set_client = utf8 */;
CREATE TABLE `mention` (
  `mention_id` int(11) NOT NULL AUTO_INCREMENT,
  `quest_id` int(11) NOT NULL,
  `like` tinyint(1) NOT NULL,
  `user_id` int(11) NOT NULL,
  PRIMARY KEY (`mention_id`),
  KEY `fk_mentions_name1_idx` (`quest_id`),
  KEY `fk_mentions_users1_idx` (`user_id`),
  CONSTRAINT `fk_mentions_name1` FOREIGN KEY (`quest_id`) REFERENCES `name` (`name_id`) ON DELETE CASCADE ON UPDATE CASCADE,
  CONSTRAINT `fk_mentions_users1` FOREIGN KEY (`user_id`) REFERENCES `user` (`user_id`) ON DELETE CASCADE ON UPDATE CASCADE
) ENGINE=InnoDB DEFAULT CHARSET=utf8;
/*!40101 SET character_set_client = @saved_cs_client */;

--
-- Dumping data for table `mention`
--

LOCK TABLES `mention` WRITE;
/*!40000 ALTER TABLE `mention` DISABLE KEYS */;
/*!40000 ALTER TABLE `mention` ENABLE KEYS */;
UNLOCK TABLES;

--
-- Table structure for table `name`
--

DROP TABLE IF EXISTS `name`;
/*!40101 SET @saved_cs_client     = @@character_set_client */;
/*!40101 SET character_set_client = utf8 */;
CREATE TABLE `name` (
  `name_id` int(11) NOT NULL AUTO_INCREMENT,
  `sex` tinyint(4) NOT NULL,
  `name` varchar(100) NOT NULL,
  `language` varchar(10) NOT NULL DEFAULT 'not_set',
  PRIMARY KEY (`name_id`)
) ENGINE=InnoDB AUTO_INCREMENT=570 DEFAULT CHARSET=utf8;
/*!40101 SET character_set_client = @saved_cs_client */;

--
-- Dumping data for table `name`
--

LOCK TABLES `name` WRITE;
/*!40000 ALTER TABLE `name` DISABLE KEYS */;
INSERT INTO `name` VALUES (1,1,'Aaron','es_ES'),(2,1,'Abel','es_ES'),(3,1,'Abelardo','es_ES'),(4,1,'Abraham','es_ES'),(5,2,'Abril','es_ES'),(6,2,'Ada','es_ES'),(7,1,'Adalberto','es_ES'),(8,2,'Adela','es_ES'),(9,2,'Adelaida','es_ES'),(10,2,'Adelina','de_DE'),(11,1,'Adelmo','de_DE'),(12,1,'Adolfo','es_ES'),(13,1,'Adriano','es_ES'),(14,2,'Ainara','es_ES'),(15,1,'Alan','es_ES'),(16,1,'Albano','es_ES'),(17,1,'Alberto','es_ES'),(18,2,'Alcira','es_ES'),(19,1,'Aldo','es_ES'),(20,1,'Alejandro','es_ES'),(21,2,'Alejandra','es_ES'),(22,1,'Alejo','es_ES'),(23,1,'Alfonso','es_ES'),(24,1,'Alfredo','es_ES'),(25,2,'Alicia','de_DE'),(26,2,'Alina','es_ES'),(27,2,'Almudena','es_ES'),(28,1,'Alonso','es_ES'),(29,1,'Amadeo','es_ES'),(30,2,'Amalia','es_ES'),(31,1,'Amancio','es_ES'),(32,2,'Amanda','es_ES'),(33,1,'Amaranto','es_ES'),(34,2,'Amaya','es_ES'),(35,1,'Amos','es_ES'),(36,1,'Ambrosio','es_ES'),(37,2,'Amelia','es_ES'),(38,2,'Amira','es_ES'),(39,2,'Amparo','es_ES'),(40,2,'Ana','es_ES'),(41,1,'Anacleto','es_ES'),(42,2,'Anastasia','es_ES'),(43,1,'Ander','es_ES'),(44,1,'Aniceto','es_ES'),(45,2,'Angustias','es_ES'),(46,1,'Anselmo','es_ES'),(47,1,'Antonio','es_ES'),(48,2,'Antonia','es_ES'),(49,2,'Antonieta','es_ES'),(50,1,'Apolo','es_ES'),(51,1,'Aquiles','es_ES'),(52,1,'Aquilino','es_ES'),(53,2,'Araceli','es_ES'),(54,2,'Ariadna','es_ES'),(55,1,'Ariel','es_ES'),(56,2,'Ariel','es_ES'),(57,1,'Armando','es_ES'),(58,1,'Arnoldo','es_ES'),(59,1,'Arturo','es_ES'),(60,1,'Atanasio','es_ES'),(61,1,'Augusto','es_ES'),(62,1,'Aurelio','es_ES'),(63,2,'Aurelia','es_ES'),(64,2,'Aurora','es_ES'),(65,2,'Auxiliadora','es_ES'),(66,1,'Axel','es_ES'),(67,2,'Azuzena','es_ES'),(68,1,'Baldomero','es_ES'),(69,1,'Baltasar','es_ES'),(70,1,'Basilio','es_ES'),(71,1,'Bautista','es_ES'),(72,2,'Beatriz','es_ES'),(73,2,'Belinda','es_ES'),(74,1,'Benigno','es_ES'),(75,1,'Benito','es_ES'),(76,2,'Berenice','es_ES'),(77,1,'Bernardino','es_ES'),(78,2,'Bernardina','es_ES'),(79,1,'Bernardo','es_ES'),(80,2,'Berta','de_DE'),(81,2,'Bianca','es_ES'),(82,2,'Bibiana','es_ES'),(83,2,'Blanca','es_ES'),(84,1,'Blas','es_ES'),(85,2,'Brenda','es_ES'),(86,1,'Bonifacio','es_ES'),(87,1,'Boris','es_ES'),(88,2,'Brunilda','es_ES'),(89,1,'Bruno','es_ES'),(90,1,'Calixto','es_ES'),(91,2,'Camelia','es_ES'),(92,2,'Camila','es_ES'),(93,2,'Caridad','es_ES'),(94,2,'Carina','es_ES'),(95,1,'Carlos','es_ES'),(96,2,'Carla','es_ES'),(97,1,'Carmelo','es_ES'),(98,2,'Carmen','es_ES'),(99,2,'Carola','es_ES'),(100,2,'Carolina','es_ES'),(101,2,'Casilda','es_ES'),(102,1,'Casimiro','es_ES'),(103,2,'Catalina','es_ES'),(104,1,'Cayetano','es_ES'),(105,2,'Cecilia','es_ES'),(106,2,'Celestina','es_ES'),(107,2,'Celia','es_ES'),(108,2,'Celina','es_ES'),(109,1,'Crisanto','es_ES'),(110,1,'Cristian','es_ES'),(111,2,'Cristina','es_ES'),(112,1,'Celso','es_ES'),(113,2,'Cintia','es_ES'),(114,1,'Cipriano','es_ES'),(115,1,'Cirilo','es_ES'),(116,1,'Ciro','es_ES'),(117,2,'Clara','es_ES'),(118,1,'Claudio','es_ES'),(119,2,'Claudia','es_ES'),(120,1,'Clemente','es_ES'),(121,2,'Cleopatra','es_ES'),(122,2,'Clotilde','es_ES'),(123,1,'Conrado','de_DE'),(124,1,'Constancio','es_ES'),(125,1,'Constantino','es_ES'),(126,1,'Consuelo','es_ES'),(127,2,'Consuelo','es_ES'),(128,2,'Cora','es_ES'),(129,2,'Cordelia','es_ES'),(130,1,'Cornelio','es_ES'),(131,1,'Cosme','es_ES'),(132,1,'Cruz','es_ES'),(133,2,'Cruz','es_ES'),(134,1,'Dagoberto','es_ES'),(135,2,'Dana','es_ES'),(136,1,'Daniel','es_ES'),(137,1,'David','es_ES'),(138,2,'Delia','es_ES'),(139,1,'Delmiro','es_ES'),(140,1,'Demetrio','es_ES'),(141,2,'Diana','es_ES'),(142,1,'Diego','es_ES'),(143,2,'Dina','es_ES'),(144,1,'Dionisio','es_ES'),(145,1,'Dolores','es_ES'),(146,2,'Dolores','es_ES'),(147,1,'Domingo','es_ES'),(148,1,'Dominico','es_ES'),(149,1,'Donato','es_ES'),(150,2,'Dora','es_ES'),(151,2,'Dulcinea','es_ES'),(152,1,'Edgardo','es_ES'),(153,2,'Edith','es_ES'),(154,1,'Edmundo','es_ES'),(155,1,'Eduardo','es_ES'),(156,2,'Elena','es_ES'),(157,2,'Eleonor','es_ES'),(158,2,'Elisa','es_ES'),(159,2,'Elisabeth','de_DE'),(160,2,'Eloisa','es_ES'),(161,1,'Eloy','es_ES'),(162,2,'Elsa','es_ES'),(163,2,'Elvira','es_ES'),(164,2,'Emilia','es_ES'),(165,1,'Emilio','es_ES'),(166,2,'Ema','es_ES'),(167,1,'Emanuel','es_ES'),(168,2,'Engracia','es_ES'),(169,1,'Enrique','es_ES'),(170,1,'Erasmo','es_ES'),(171,1,'Erico','es_ES'),(172,1,'Eric','es_ES'),(173,2,'Erica','es_ES'),(174,1,'Ernesto','es_ES'),(175,2,'Esmeralda','es_ES'),(176,2,'Esperanza','es_ES'),(177,1,'Esteban','es_ES'),(178,2,'Estela','es_ES'),(179,2,'Ester','es_ES'),(180,2,'Etel','es_ES'),(181,1,'Euclides','es_ES'),(182,2,'Eudosia','es_ES'),(183,1,'Eudoxio','es_ES'),(184,1,'Eufemio','es_ES'),(185,2,'Eufemia','es_ES'),(186,1,'Eufrasio','es_ES'),(187,2,'Eufrasia','es_ES'),(188,1,'Eugenio','es_ES'),(189,2,'Eugenia','es_ES'),(190,1,'Eulalio','es_ES'),(191,2,'Eulalia','es_ES'),(192,1,'Eusebio','es_ES'),(193,1,'Eustaquio','es_ES'),(194,2,'Eva','es_ES'),(195,2,'Evangelina','es_ES'),(196,1,'Evaristo','es_ES'),(197,1,'Ezequiel','es_ES'),(198,2,'Fabiola','es_ES'),(199,2,'Fanny','es_ES'),(200,1,'Faustino','es_ES'),(201,1,'Fausto','es_ES'),(202,1,'Federico','es_ES'),(203,1,'Fedor','es_ES'),(204,1,'Felipe','es_ES'),(205,1,'Fernando','es_ES'),(206,1,'Fidel','es_ES'),(207,1,'Filiberto','es_ES'),(208,1,'Filomeno','es_ES'),(209,1,'Flavio','es_ES'),(210,2,'Flora','es_ES'),(211,1,'Florencio','es_ES'),(212,2,'Florencia','es_ES'),(213,2,'Florida','es_ES'),(214,2,'Florinda','es_ES'),(215,1,'Francisco','es_ES'),(216,1,'Franco','es_ES'),(217,2,'Frida','es_ES'),(218,1,'Fulvio','es_ES'),(219,1,'Gabriel','es_ES'),(220,2,'Gema','es_ES'),(221,1,'Gaspar','es_ES'),(222,2,'Genoveva','es_ES'),(223,1,'Gerardo','es_ES'),(224,2,'Gertrudis','es_ES'),(225,1,'Gilberto','es_ES'),(226,2,'Gladis','es_ES'),(227,2,'Gloria','es_ES'),(228,1,'Godofredo','es_ES'),(229,2,'Gracia','es_ES'),(230,2,'Graciela','es_ES'),(231,1,'Gregorio','es_ES'),(232,2,'Grisel','es_ES'),(233,2,'Gabriela','es_ES'),(234,1,'Gorka','es_ES'),(235,1,'Guido','es_ES'),(236,1,'Guillermo','es_ES'),(237,1,'Gustavo','es_ES'),(238,1,'Haroldo','es_ES'),(239,2,'Haydee','es_ES'),(240,2,'Hebe','es_ES'),(241,2,'Helena','es_ES'),(242,1,'Heli','es_ES'),(243,1,'Hermelando','es_ES'),(244,2,'Hilda','es_ES'),(245,1,'Homero','es_ES'),(246,1,'Honorio','es_ES'),(247,1,'Horacio','es_ES'),(248,1,'Hugo','es_ES'),(249,1,'Huberto','es_ES'),(250,1,'Humberto','es_ES'),(251,1,'Jacinto','es_ES'),(252,1,'Jacobo','es_ES'),(253,2,'Jaqueline','es_ES'),(254,1,'Jairo','es_ES'),(255,1,'Javier','es_ES'),(256,1,'Jaime','es_ES'),(257,2,'Jennifer','es_ES'),(258,2,'Jessica','es_ES'),(259,1,'Job','es_ES'),(260,1,'Jorge','es_ES'),(261,2,'Josefa','es_ES'),(262,2,'Josefina','es_ES'),(263,1,'Juan','es_ES'),(264,2,'Juan','es_ES'),(265,2,'Juana','es_ES'),(266,1,'Julia','es_ES'),(267,2,'Julia','es_ES'),(268,2,'Juliana','es_ES'),(269,1,'Julio','es_ES'),(270,1,'Justiniano','es_ES'),(271,1,'Justo','es_ES'),(272,1,'Karen','es_ES'),(273,2,'Karen','es_ES'),(274,2,'Katia','es_ES'),(275,1,'Kevin','es_ES'),(276,1,'Koldo','es_ES'),(277,1,'Kilian','es_ES'),(278,1,'Krishna','es_ES'),(279,2,'Krishna','es_ES'),(280,1,'Kepa','es_ES'),(281,1,'Kenneth','es_ES'),(282,2,'Karmele','es_ES'),(283,1,'Karl','es_ES'),(284,1,'Kurt','es_ES'),(285,2,'Kali','es_ES'),(286,1,'Karim','es_ES'),(287,2,'Kira','es_ES'),(288,2,'Karina','es_ES'),(289,2,'Kerry','es_ES'),(290,1,'Kerman','es_ES'),(291,2,'Kassandra','es_ES'),(292,1,'Lamberto','es_ES'),(293,2,'Laura','es_ES'),(294,1,'Leandro','es_ES'),(295,1,'Leonardo','es_ES'),(296,1,'Leonor','es_ES'),(297,2,'Leonor','es_ES'),(298,2,'Leonora','es_ES'),(299,1,'Leopoldo','es_ES'),(300,2,'Leticia','es_ES'),(301,2,'Lida','es_ES'),(302,2,'Liliana','es_ES'),(303,2,'Lina','es_ES'),(304,2,'Linda','es_ES'),(305,1,'Lorenzo','es_ES'),(306,1,'Lucas','es_ES'),(307,1,'Luciano','es_ES'),(308,1,'Lucio','es_ES'),(309,2,'Lucrecia','es_ES'),(310,1,'Luis','es_ES'),(311,2,'Mabel','es_ES'),(312,2,'Macarena','es_ES'),(313,2,'Magdalena','es_ES'),(314,2,'Maite','es_ES'),(315,2,'Malvina','es_ES'),(316,1,'Manuel','es_ES'),(317,1,'Marcelo','es_ES'),(318,1,'Marcos','es_ES'),(319,2,'Margarita','es_ES'),(320,2,'Mariana','es_ES'),(321,2,'Marta','es_ES'),(322,1,'Mateo','es_ES'),(323,2,'Matilde','es_ES'),(324,1,'Mauricio','es_ES'),(325,1,'Mauro','es_ES'),(326,1,'Maximiliano','es_ES'),(327,1,'Miguel','es_ES'),(328,2,'Mina','es_ES'),(329,2,'Miriam','es_ES'),(330,2,'Mirta','es_ES'),(331,1,'Narciso','es_ES'),(332,2,'Natalia','es_ES'),(333,2,'Nidia','es_ES'),(334,2,'Norma','es_ES'),(335,2,'Nuria','es_ES'),(336,1,'Nadir','es_ES'),(337,2,'Nadir','es_ES'),(338,1,'Noa','es_ES'),(339,2,'Noa','es_ES'),(340,1,'Nazaret','es_ES'),(341,2,'Nazaret','es_ES'),(342,2,'Nerea','es_ES'),(343,2,'Nadia','es_ES'),(344,1,'Octavio','es_ES'),(345,2,'Ofelia','es_ES'),(346,2,'Olga','es_ES'),(347,2,'Olimpia','es_ES'),(348,1,'Oliverio','es_ES'),(349,2,'Olivia','es_ES'),(350,1,'Omar','ar_AE'),(351,1,'Orlando','es_ES'),(352,1,'Osvaldo','es_ES'),(353,1,'Ovidio','es_ES'),(354,1,'Osiris','es_ES'),(355,2,'Osiris','es_ES'),(356,1,'Oriol','es_ES'),(357,1,'Oleguer','es_ES'),(358,2,'Olaya','es_ES'),(359,1,'Querubin','es_ES'),(360,2,'Quintina','es_ES'),(361,1,'Quirico','es_ES'),(362,1,'Quiterio','es_ES'),(363,2,'Quirina','es_ES'),(364,1,'Rafael','es_ES'),(365,1,'Raimundo','es_ES'),(366,1,'Ramiro','es_ES'),(367,2,'Ramona','es_ES'),(368,2,'Raquel','es_ES'),(369,2,'Rebeca','es_ES'),(370,2,'Reina','es_ES'),(371,1,'Reinaldo','es_ES'),(372,2,'Regina','es_ES'),(373,1,'Remedios','es_ES'),(374,2,'Remedios','es_ES'),(375,1,'Renato','es_ES'),(376,1,'Ricardo','es_ES'),(377,2,'Rita','es_ES'),(378,1,'Roberto','es_ES'),(379,1,'Rodolfo','es_ES'),(380,1,'Rodrigo','es_ES'),(381,1,'Rogelio','es_ES'),(382,1,'Romeo','es_ES'),(383,2,'Romilda','es_ES'),(384,1,'Ronaldo','es_ES'),(385,1,'Roque','es_ES'),(386,2,'Rosa','es_ES'),(387,2,'Rosana','es_ES'),(388,1,'Rosario','es_ES'),(389,2,'Rosario','es_ES'),(390,1,'Rosendo','es_ES'),(391,2,'Roxana','es_ES'),(392,1,'Rufino','es_ES'),(393,1,'Ruperto','es_ES'),(394,2,'Ruth','es_ES'),(395,2,'Sabina','es_ES'),(396,2,'Sagrario','es_ES'),(397,1,'Salvador','es_ES'),(398,2,'Samanta','es_ES'),(399,1,'Samuel','es_ES'),(400,1,'Sancho','es_ES'),(401,2,'Sandra','es_ES'),(402,1,'Santiago','es_ES'),(403,1,'Sara','es_ES'),(404,2,'Sara','es_ES'),(405,1,'Segismundo','es_ES'),(406,2,'Serena','es_ES'),(407,1,'Sergio','es_ES'),(408,2,'Sheila','es_ES'),(409,1,'Silvano','es_ES'),(410,1,'Silvestre','es_ES'),(411,2,'Silvia','es_ES'),(412,1,'Siro','es_ES'),(413,1,'Sixto','es_ES'),(414,1,'Socorro','es_ES'),(415,2,'Socorro','es_ES'),(416,1,'Sol','es_ES'),(417,2,'Sol','es_ES'),(418,2,'Solange','es_ES'),(419,2,'Soledad','es_ES'),(420,2,'Soraya','es_ES'),(421,2,'Sonia','es_ES'),(422,2,'Susana','es_ES'),(423,2,'Suyay','es_ES'),(424,1,'Tadeo','es_ES'),(425,2,'Tamara','es_ES'),(426,2,'Tania','es_ES'),(427,2,'Tatiana','es_ES'),(428,2,'Telma','es_ES'),(429,1,'Teobaldo','es_ES'),(430,1,'Teodoro','es_ES'),(431,1,'Teodorico','es_ES'),(432,1,'Teodosio','es_ES'),(433,2,'Teresa','es_ES'),(434,1,'Tirso','es_ES'),(435,1,'Tito','es_ES'),(436,1,'Timoteo','es_ES'),(437,1,'Trinidad','es_ES'),(438,2,'Trinidad','es_ES'),(439,2,'Triana','es_ES'),(440,2,'Thais','es_ES'),(441,1,'Ulises','es_ES'),(442,1,'Urbano','es_ES'),(443,2,'Urbana','es_ES'),(444,1,'Uriel','es_ES'),(445,1,'Urko','es_ES'),(446,1,'Unax','es_ES'),(447,2,'Usoa','es_ES'),(448,2,'Urania','es_ES'),(449,1,'Unai','es_ES'),(450,2,'Valentina','es_ES'),(451,1,'Valeria','es_ES'),(452,2,'Valeria','es_ES'),(453,1,'Valerio','es_ES'),(454,2,'Vanesa','es_ES'),(455,1,'Ventura','es_ES'),(456,2,'Ventura','es_ES'),(457,2,'Vera','es_ES'),(458,1,'Vicente','es_ES'),(459,2,'Victoria','es_ES'),(460,1,'Victoriano','es_ES'),(461,2,'Vida','es_ES'),(462,2,'Vilma','es_ES'),(463,2,'Violeta','es_ES'),(464,1,'Virgilio','es_ES'),(465,2,'Virginia','es_ES'),(466,2,'Viviana','es_ES'),(467,1,'Vladimir','es_ES'),(468,1,'Walter','es_ES'),(469,1,'Wenceslao','es_ES'),(470,1,'Wilfredo','es_ES'),(471,1,'Wang','es_ES'),(472,2,'Wang','es_ES'),(473,2,'Wendy','es_ES'),(474,1,'Walid','es_ES'),(475,1,'William','es_ES'),(476,1,'Waldo','es_ES'),(477,1,'Xavier','es_ES'),(478,1,'Xabier','es_ES'),(479,2,'Ximena','es_ES'),(480,2,'Xenia','es_ES'),(481,1,'Xurxo','es_ES'),(482,1,'Xenxo','es_ES'),(483,1,'Xian','es_ES'),(484,2,'Xian','es_ES'),(485,2,'Xana','es_ES'),(486,1,'Yago','es_ES'),(487,1,'Yeray','es_ES'),(488,2,'Yeray','es_ES'),(489,2,'Yolanda','es_ES'),(490,2,'Yvonne','es_ES'),(491,1,'Yusuf','es_ES'),(492,1,'Yuri','es_ES'),(493,2,'Yuri','es_ES'),(494,1,'Yone','es_ES'),(495,2,'Yone','es_ES'),(496,1,'Yasir','es_ES'),(497,2,'Yaiza','es_ES'),(498,2,'Zenobia','es_ES'),(499,1,'Zoe','es_ES'),(500,2,'Zoe','es_ES'),(501,2,'Zita','es_ES'),(502,2,'Zoraida','es_ES'),(503,2,'Zulema','es_ES'),(504,1,'Zeus','es_ES'),(505,2,'Zenaida','es_ES'),(506,2,'Zaida','es_ES'),(507,2,'Zahara','es_ES'),(508,1,'Rigoberto','es_ES'),(509,1,'Romualdo','es_ES'),(510,2,'Rosalia','es_ES'),(511,1,'Rufo','es_ES'),(512,1,'Salvio','es_ES'),(513,1,'Severino','es_ES'),(514,1,'Tarsicio','es_ES'),(515,2,'Teodora','es_ES'),(516,2,'Teodosia','es_ES'),(517,1,'Toribio','es_ES'),(518,1,'Ubaldo','es_ES'),(519,1,'Valeriano','es_ES'),(520,1,'Venancio','es_ES'),(521,1,'Victorino','es_ES'),(522,1,'Victorio','es_ES'),(523,1,'Vidal','es_ES'),(524,1,'Vladimiro','es_ES'),(525,1,'Abelard','de_DE'),(526,2,'Adalgisa','de_DE'),(527,2,'Adalia','de_DE'),(528,1,'Adelino','de_DE'),(529,2,'Adolfina','de_DE'),(530,2,'Agneta','de_DE'),(531,1,'Ahren','de_DE'),(532,1,'Albert','de_DE'),(533,2,'Alberta','de_DE'),(534,1,'Alphonse','de_DE'),(535,1,'Amara','de_DE'),(536,2,'Amara','de_DE'),(537,2,'Antje','de_DE'),(538,1,'Arnold','de_DE'),(539,2,'Ava','de_DE'),(540,2,'Berit','de_DE'),(541,2,'Bernadette','de_DE'),(542,1,'Bernard','de_DE'),(543,2,'Brunhilde','de_DE'),(544,2,'Caroline','de_DE'),(545,2,'Dagmar','de_DE'),(546,1,'Derek','de_DE'),(547,1,'Dieter','de_DE'),(548,1,'Dustin','de_DE'),(549,1,'Eberhard','de_DE'),(550,1,'Edwin','de_DE'),(551,2,'Edwina','de_DE'),(552,1,'Emil','de_DE'),(553,2,'Emily','de_DE'),(554,2,'Emma','de_DE'),(555,2,'Erika','de_DE'),(556,1,'Ernest','de_DE'),(557,2,'Ernestine','de_DE'),(558,1,'Mahdi','ar_AE'),(559,1,'Muhammad','ar_AE'),(560,1,'Mukhtar','ar_AE'),(561,1,'Munir','ar_AE'),(562,1,'Muslim','ar_AE'),(563,1,'Nazim','ar_AE'),(564,1,'Rabah','ar_AE'),(565,1,'Radi','ar_AE'),(566,1,'Rayhan','ar_AE'),(567,2,'Rayhan','ar_AE'),(568,1,'Reda','ar_AE'),(569,2,'Reda','ar_AE');
/*!40000 ALTER TABLE `name` ENABLE KEYS */;
UNLOCK TABLES;

--
-- Table structure for table `name_meaning`
--

DROP TABLE IF EXISTS `name_meaning`;
/*!40101 SET @saved_cs_client     = @@character_set_client */;
/*!40101 SET character_set_client = utf8 */;
CREATE TABLE `name_meaning` (
  `name_name_id` int(11) NOT NULL,
  `meaning_meaning_id` int(11) NOT NULL,
  KEY `fk_name_has_meaning_meaning1_idx` (`meaning_meaning_id`),
  KEY `fk_name_has_meaning_name1_idx` (`name_name_id`),
  CONSTRAINT `fk_name_has_meaning_name1` FOREIGN KEY (`name_name_id`) REFERENCES `name` (`name_id`) ON DELETE CASCADE ON UPDATE CASCADE,
  CONSTRAINT `fk_name_has_meaning_meaning1` FOREIGN KEY (`meaning_meaning_id`) REFERENCES `meaning` (`meaning_id`) ON DELETE CASCADE ON UPDATE CASCADE
) ENGINE=InnoDB DEFAULT CHARSET=utf8;
/*!40101 SET character_set_client = @saved_cs_client */;

--
-- Dumping data for table `name_meaning`
--

LOCK TABLES `name_meaning` WRITE;
/*!40000 ALTER TABLE `name_meaning` DISABLE KEYS */;
INSERT INTO `name_meaning` VALUES (1,1),(2,2),(3,3),(4,4),(5,5),(6,6),(7,7),(8,8),(9,9),(10,10),(11,11),(12,12),(13,13),(14,14),(15,15),(16,16),(17,17),(18,18),(19,19),(20,20),(21,21),(22,22),(23,23),(24,24),(25,25),(26,26),(27,27),(28,28),(29,29),(30,30),(31,31),(32,32),(33,33),(34,34),(35,35),(36,36),(37,37),(38,38),(39,39),(40,40),(41,41),(42,42),(43,43),(44,44),(45,45),(46,46),(47,47),(48,48),(49,49),(50,50),(51,51),(52,52),(53,53),(54,54),(55,55),(56,56),(57,57),(58,58),(59,59),(60,60),(61,61),(62,62),(63,63),(64,64),(65,65),(66,66),(67,67),(68,68),(69,69),(70,70),(71,71),(72,72),(73,73),(74,74),(75,75),(76,76),(77,77),(78,78),(79,79),(80,80),(81,81),(82,82),(83,83),(84,84),(85,85),(86,86),(87,87),(88,88),(89,89),(90,90),(91,91),(92,92),(93,93),(94,94),(95,95),(96,96),(97,97),(98,98),(99,99),(100,100),(101,101),(102,102),(103,103),(104,104),(105,105),(106,106),(107,107),(108,108),(109,109),(110,110),(111,111),(112,112),(113,113),(114,114),(115,115),(116,116),(117,117),(118,118),(119,119),(120,120),(121,121),(122,122),(123,123),(124,124),(125,125),(126,126),(127,127),(128,128),(129,129),(130,130),(131,131),(132,132),(133,133),(134,134),(135,135),(136,136),(137,137),(138,138),(139,139),(140,140),(141,141),(142,142),(143,143),(144,144),(145,145),(146,146),(147,147),(148,148),(149,149),(150,150),(151,151),(152,152),(153,153),(154,154),(155,155),(156,156),(157,157),(158,158),(159,159),(160,160),(161,161),(162,162),(163,163),(164,164),(165,165),(166,166),(167,167),(168,168),(169,169),(170,170),(171,171),(172,172),(173,173),(174,174),(175,175),(176,176),(177,177),(178,178),(179,179),(180,180),(181,181),(182,182),(183,183),(184,184),(185,185),(186,186),(187,187),(188,188),(189,189),(190,190),(191,191),(192,192),(193,193),(194,194),(195,195),(196,196),(197,197),(198,198),(199,199),(200,200),(201,201),(202,202),(203,203),(204,204),(205,205),(206,206),(207,207),(208,208),(209,209),(210,210),(211,211),(212,212),(213,213),(214,214),(215,215),(216,216),(217,217),(218,218),(219,219),(220,220),(221,221),(222,222),(223,223),(224,224),(225,225),(226,226),(227,227),(228,228),(229,229),(230,230),(231,231),(232,232),(233,233),(234,234),(235,235),(236,236),(237,237),(238,238),(239,239),(240,240),(241,241),(242,242),(243,243),(244,244),(245,245),(246,246),(247,247),(248,248),(249,249),(250,250),(251,251),(252,252),(253,253),(254,254),(255,255),(256,256),(257,257),(258,258),(259,259),(260,260),(261,261),(262,262),(263,263),(264,264),(265,265),(266,266),(267,267),(268,268),(269,269),(270,270),(271,271),(272,272),(273,273),(274,274),(275,275),(276,276),(277,277),(278,278),(279,279),(280,280),(281,281),(282,282),(283,283),(284,284),(285,285),(286,286),(287,287),(288,288),(289,289),(290,290),(291,291),(292,292),(293,293),(294,294),(295,295),(296,296),(297,297),(298,298),(299,299),(300,300),(301,301),(302,302),(303,303),(304,304),(305,305),(306,306),(307,307),(308,308),(309,309),(310,310),(311,311),(312,312),(313,313),(314,314),(315,315),(316,316),(317,317),(318,318),(319,319),(320,320),(321,321),(322,322),(323,323),(324,324),(325,325),(326,326),(327,327),(328,328),(329,329),(330,330),(331,331),(332,332),(333,333),(334,334),(335,335),(336,336),(337,337),(338,338),(339,339),(340,340),(341,341),(342,342),(343,343),(344,344),(345,345),(346,346),(347,347),(348,348),(349,349),(350,350),(351,351),(352,352),(353,353),(354,354),(355,355),(356,356),(357,357),(358,358),(359,359),(360,360),(361,361),(362,362),(363,363),(364,364),(365,365),(366,366),(367,367),(368,368),(369,369),(370,370),(371,371),(372,372),(373,373),(374,374),(375,375),(376,376),(377,377),(378,378),(379,379),(380,380),(381,381),(382,382),(383,383),(384,384),(385,385),(386,386),(387,387),(388,388),(389,389),(390,390),(391,391),(392,392),(393,393),(394,394),(395,395),(396,396),(397,397),(398,398),(399,399),(400,400),(401,401),(402,402),(403,403),(404,404),(405,405),(406,406),(407,407),(408,408),(409,409),(410,410),(411,411),(412,412),(413,413),(414,414),(415,415),(416,416),(417,417),(418,418),(419,419),(420,420),(421,421),(422,422),(423,423),(424,424),(425,425),(426,426),(427,427),(428,428),(429,429),(430,430),(431,431),(432,432),(433,433),(434,434),(435,435),(436,436),(437,437),(438,438),(439,439),(440,440),(441,441),(442,442),(443,443),(444,444),(445,445),(446,446),(447,447),(448,448),(449,449),(450,450),(451,451),(452,452),(453,453),(454,454),(455,455),(456,456),(457,457),(458,458),(459,459),(460,460),(461,461),(462,462),(463,463),(464,464),(465,465),(466,466),(467,467),(468,468),(469,469),(470,470),(471,471),(472,472),(473,473),(474,474),(475,475),(476,476),(477,477),(478,478),(479,479),(480,480),(481,481),(482,482),(483,483),(484,484),(485,485),(486,486),(487,487),(488,488),(489,489),(490,490),(491,491),(492,492),(493,493),(494,494),(495,495),(496,496),(497,497),(498,498),(499,499),(500,500),(501,501),(502,502),(503,503),(504,504),(505,505),(506,506),(507,507),(508,508),(509,509),(510,510),(511,511),(512,512),(513,513),(514,514),(515,515),(516,516),(517,517),(518,518),(519,519),(520,520),(521,521),(522,522),(523,523),(524,524),(525,525),(526,526),(527,527),(528,528),(529,529),(530,530),(531,531),(532,532),(533,533),(534,534),(535,535),(536,536),(537,537),(538,538),(539,539),(540,540),(541,541),(542,542),(543,543),(544,544),(545,545),(546,546),(547,547),(548,548),(549,549),(550,550),(551,551),(552,552),(553,553),(554,554),(555,555),(556,556),(557,557),(558,558),(559,559),(560,560),(561,561),(562,562),(563,563),(564,564),(565,565),(566,566),(567,567),(568,568),(569,569);
/*!40000 ALTER TABLE `name_meaning` ENABLE KEYS */;
UNLOCK TABLES;

--
-- Table structure for table `name_tradition`
--

DROP TABLE IF EXISTS `name_tradition`;
/*!40101 SET @saved_cs_client     = @@character_set_client */;
/*!40101 SET character_set_client = utf8 */;
CREATE TABLE `name_tradition` (
  `name_name_id` int(11) NOT NULL,
  `tradition_tradition_id` int(11) NOT NULL,
  KEY `fk_name_has_tradition_tradition1_idx` (`tradition_tradition_id`),
  KEY `fk_name_has_tradition_name1_idx` (`name_name_id`),
  CONSTRAINT `fk_name_has_tradition_name1` FOREIGN KEY (`name_name_id`) REFERENCES `name` (`name_id`) ON DELETE CASCADE ON UPDATE CASCADE,
  CONSTRAINT `fk_name_has_tradition_tradition1` FOREIGN KEY (`tradition_tradition_id`) REFERENCES `tradition` (`tradition_id`) ON DELETE CASCADE ON UPDATE CASCADE
) ENGINE=InnoDB DEFAULT CHARSET=utf8;
/*!40101 SET character_set_client = @saved_cs_client */;

--
-- Dumping data for table `name_tradition`
--

LOCK TABLES `name_tradition` WRITE;
/*!40000 ALTER TABLE `name_tradition` DISABLE KEYS */;
INSERT INTO `name_tradition` VALUES (1,1),(2,1),(3,2),(4,1),(5,3),(6,1),(7,2),(8,2),(9,2),(10,4),(11,4),(12,2),(13,3),(14,5),(15,2),(16,3),(17,2),(18,6),(19,2),(20,7),(21,7),(22,2),(23,2),(24,2),(25,4),(26,2),(27,6),(28,2),(29,3),(30,2),(31,3),(32,3),(33,7),(34,5),(35,1),(36,7),(37,2),(38,6),(39,3),(40,1),(41,7),(42,7),(43,5),(44,7),(45,3),(46,2),(47,3),(48,3),(49,3),(50,7),(51,7),(52,3),(53,3),(54,7),(55,1),(56,1),(57,2),(58,2),(59,8),(60,7),(61,3),(62,3),(63,3),(64,3),(65,3),(66,2),(67,6),(68,2),(69,9),(70,7),(71,7),(72,3),(73,3),(74,3),(75,3),(76,7),(77,2),(78,2),(79,2),(80,4),(81,2),(82,3),(83,2),(84,7),(85,10),(86,3),(87,11),(88,2),(89,2),(90,7),(91,3),(92,3),(93,3),(94,7),(95,2),(96,2),(97,1),(98,3),(99,2),(100,2),(101,6),(102,12),(103,7),(104,3),(105,3),(106,3),(107,3),(108,3),(109,7),(110,7),(111,3),(112,3),(113,7),(114,3),(115,7),(116,13),(117,3),(118,3),(119,3),(120,3),(121,7),(122,2),(123,4),(124,3),(125,3),(126,3),(127,3),(128,7),(129,8),(130,3),(131,7),(132,3),(133,3),(134,2),(135,1),(136,1),(137,1),(138,7),(139,2),(140,7),(141,3),(142,1),(143,1),(144,7),(145,3),(146,3),(147,3),(148,3),(149,3),(150,7),(151,3),(152,2),(153,2),(154,2),(155,2),(156,7),(157,7),(158,1),(159,4),(160,2),(161,14),(162,2),(163,3),(164,7),(165,7),(166,7),(167,1),(168,3),(169,2),(170,7),(171,2),(172,2),(173,2),(174,2),(175,3),(176,3),(177,7),(178,3),(179,13),(180,2),(181,7),(182,7),(183,7),(184,7),(185,7),(186,7),(187,7),(188,7),(189,7),(190,7),(191,7),(192,7),(193,7),(194,1),(195,7),(196,7),(197,1),(198,3),(199,2),(200,3),(201,3),(202,2),(203,7),(204,7),(205,2),(206,3),(207,7),(208,7),(209,3),(210,3),(211,3),(212,3),(213,3),(214,3),(215,2),(216,2),(217,2),(218,3),(219,15),(220,3),(221,13),(222,8),(223,2),(224,2),(225,2),(226,8),(227,3),(228,2),(229,3),(230,3),(231,7),(232,2),(233,1),(234,5),(235,3),(236,2),(237,2),(238,2),(239,7),(240,7),(241,7),(242,1),(243,2),(244,2),(245,7),(246,3),(247,3),(248,2),(249,2),(250,2),(251,7),(252,1),(253,14),(254,1),(255,5),(256,1),(257,16),(258,17),(259,1),(260,7),(261,1),(262,1),(263,3),(264,3),(265,3),(266,3),(267,3),(268,3),(269,3),(270,3),(271,3),(272,18),(273,18),(274,11),(275,19),(276,5),(277,19),(278,20),(279,20),(280,5),(281,17),(282,5),(283,21),(284,2),(285,20),(286,6),(287,11),(288,7),(289,21),(290,14),(291,7),(292,2),(293,3),(294,7),(295,2),(296,7),(297,7),(298,7),(299,2),(300,3),(301,12),(302,3),(303,2),(304,3),(305,3),(306,7),(307,3),(308,3),(309,3),(310,2),(311,8),(312,22),(313,1),(314,5),(315,8),(316,1),(317,3),(318,1),(319,7),(320,1),(321,1),(322,1),(323,2),(324,3),(325,3),(326,3),(327,1),(328,3),(329,1),(330,7),(331,7),(332,3),(333,3),(334,3),(335,3),(336,6),(337,6),(338,23),(339,23),(340,1),(341,1),(342,7),(343,11),(344,3),(345,7),(346,2),(347,7),(348,3),(349,3),(350,6),(351,24),(352,2),(353,3),(354,25),(355,25),(356,26),(357,26),(358,7),(359,1),(360,3),(361,3),(362,7),(363,3),(364,27),(365,27),(366,27),(367,2),(368,1),(369,27),(370,3),(371,27),(372,3),(373,3),(374,3),(375,27),(376,27),(377,27),(378,27),(379,2),(380,27),(381,27),(382,3),(383,2),(384,2),(385,27),(386,3),(387,3),(388,27),(389,27),(390,27),(391,13),(392,3),(393,27),(394,1),(395,3),(396,3),(397,27),(398,1),(399,27),(400,3),(401,2),(402,27),(403,27),(404,27),(405,27),(406,3),(407,27),(408,19),(409,3),(410,3),(411,3),(412,27),(413,27),(414,3),(415,3),(416,3),(417,3),(418,14),(419,3),(420,13),(421,7),(422,1),(423,28),(424,27),(425,1),(426,11),(427,3),(428,7),(429,2),(430,7),(431,2),(432,7),(433,27),(434,3),(435,27),(436,27),(437,3),(438,3),(439,3),(440,3),(441,7),(442,27),(443,3),(444,1),(445,5),(446,5),(447,5),(448,7),(449,5),(450,3),(451,3),(452,3),(453,27),(454,21),(455,3),(456,3),(457,3),(458,27),(459,3),(460,3),(461,3),(462,2),(463,3),(464,27),(465,3),(466,3),(467,12),(468,2),(469,29),(470,27),(471,30),(472,30),(473,21),(474,6),(475,2),(476,2),(477,26),(478,5),(479,31),(480,7),(481,31),(482,7),(483,30),(484,30),(485,7),(486,31),(487,32),(488,32),(489,2),(490,14),(491,6),(492,11),(493,11),(494,7),(495,7),(496,6),(497,32),(498,6),(499,1),(500,1),(501,33),(502,6),(503,1),(504,7),(505,7),(506,6),(507,6),(508,27),(509,27),(510,27),(511,27),(512,27),(513,27),(514,27),(515,27),(516,27),(517,27),(518,27),(519,27),(520,27),(521,27),(522,27),(523,27),(524,27),(525,4),(526,4),(527,4),(528,4),(529,4),(530,4),(531,4),(532,4),(533,4),(534,4),(535,4),(536,4),(537,4),(538,4),(539,4),(540,4),(541,4),(542,4),(543,4),(544,4),(545,4),(546,4),(547,4),(548,4),(549,4),(550,4),(551,4),(552,4),(553,4),(554,4),(555,4),(556,4),(557,4),(558,6),(559,6),(560,6),(561,6),(562,6),(563,6),(564,6),(565,6),(566,6),(567,6),(568,6),(569,6);
/*!40000 ALTER TABLE `name_tradition` ENABLE KEYS */;
UNLOCK TABLES;

--
-- Table structure for table `tradition`
--

DROP TABLE IF EXISTS `tradition`;
/*!40101 SET @saved_cs_client     = @@character_set_client */;
/*!40101 SET character_set_client = utf8 */;
CREATE TABLE `tradition` (
  `tradition_id` int(11) NOT NULL AUTO_INCREMENT,
  `tradition` varchar(245) DEFAULT NULL,
  PRIMARY KEY (`tradition_id`)
) ENGINE=InnoDB AUTO_INCREMENT=34 DEFAULT CHARSET=utf8;
/*!40101 SET character_set_client = @saved_cs_client */;

--
-- Dumping data for table `tradition`
--

LOCK TABLES `tradition` WRITE;
/*!40000 ALTER TABLE `tradition` DISABLE KEYS */;
INSERT INTO `tradition` VALUES (1,'Hebreo'),(2,'Germano'),(3,'Latino'),(4,'AlemÃ¡n'),(5,'Vasco'),(6,'Ãrabe'),(7,'Griego'),(8,'Celta'),(9,'Caldeo'),(10,'AnglosajÃ³n'),(11,'Ruso'),(12,'Eslavo'),(13,'Persa'),(14,'FrancÃ©s'),(15,'Hebrero'),(16,'GalÃ©s'),(17,'EscocÃ©s'),(18,'DanÃ©s'),(19,'IrlandÃ©s'),(20,'HindÃº'),(21,'InglÃ©s'),(22,'Sevillano'),(23,'Hawaiano'),(24,'Italiano'),(25,'Egipcio'),(26,'CatalÃ¡n'),(27,'null'),(28,'Quechua'),(29,'Checo'),(30,'Chino'),(31,'Gallego'),(32,'Canario'),(33,'Toscano');
/*!40000 ALTER TABLE `tradition` ENABLE KEYS */;
UNLOCK TABLES;

--
-- Table structure for table `user`
--

DROP TABLE IF EXISTS `user`;
/*!40101 SET @saved_cs_client     = @@character_set_client */;
/*!40101 SET character_set_client = utf8 */;
CREATE TABLE `user` (
  `user_id` int(11) NOT NULL AUTO_INCREMENT,
  `email` varchar(200) NOT NULL,
  `password` varchar(100) NOT NULL,
  `sex` tinyint(1) NOT NULL,
  `firstname` varchar(100) NOT NULL,
  `lastname` varchar(100) NOT NULL,
  PRIMARY KEY (`user_id`)
) ENGINE=InnoDB DEFAULT CHARSET=utf8;
/*!40101 SET character_set_client = @saved_cs_client */;

--
-- Dumping data for table `user`
--

LOCK TABLES `user` WRITE;
/*!40000 ALTER TABLE `user` DISABLE KEYS */;
/*!40000 ALTER TABLE `user` ENABLE KEYS */;
UNLOCK TABLES;
/*!40103 SET TIME_ZONE=@OLD_TIME_ZONE */;

/*!40101 SET SQL_MODE=@OLD_SQL_MODE */;
/*!40014 SET FOREIGN_KEY_CHECKS=@OLD_FOREIGN_KEY_CHECKS */;
/*!40014 SET UNIQUE_CHECKS=@OLD_UNIQUE_CHECKS */;
/*!40101 SET CHARACTER_SET_CLIENT=@OLD_CHARACTER_SET_CLIENT */;
/*!40101 SET CHARACTER_SET_RESULTS=@OLD_CHARACTER_SET_RESULTS */;
/*!40101 SET COLLATION_CONNECTION=@OLD_COLLATION_CONNECTION */;
/*!40111 SET SQL_NOTES=@OLD_SQL_NOTES */;

-- Dump completed on 2015-04-02  9:37:42
